,ID,Name,Photo,Flag,Club Logo
0,162895, Cesc Fàbregas,https://cdn.sofifa.com/players/162/895/20_60.png,https://cdn.sofifa.com/flags/es.png,https://cdn.sofifa.com/teams/69/light_30.png
1,173731, G. Bale,https://cdn.sofifa.com/players/173/731/20_60.png,https://cdn.sofifa.com/flags/gb-wls.png,https://cdn.sofifa.com/teams/243/light_30.png
2,248695, W. Fofana,https://cdn.sofifa.com/players/248/695/20_60.png,https://cdn.sofifa.com/flags/fr.png,https://cdn.sofifa.com/teams/1819/light_30.png
3,238359, Wendel,https://cdn.sofifa.com/players/238/359/20_60.png,https://cdn.sofifa.com/flags/br.png,https://cdn.sofifa.com/teams/237/light_30.png
4,235997, Fran Beltrán,https://cdn.sofifa.com/players/235/997/20_60.png,https://cdn.sofifa.com/flags/es.png,https://cdn.sofifa.com/teams/450/light_30.png
5,212618, F. Aristeguieta,https://cdn.sofifa.com/players/212/618/20_60.png,https://cdn.sofifa.com/flags/ve.png,https://cdn.sofifa.com/teams/1028/light_30.png
6,233049, J. Sancho,https://cdn.sofifa.com/players/233/049/20_60.png,https://cdn.sofifa.com/flags/gb-eng.png,https://cdn.sofifa.com/teams/22/light_30.png
7,212188, T. Werner,https://cdn.sofifa.com/players/212/188/20_60.png,https://cdn.sofifa.com/flags/de.png,https://cdn.sofifa.com/teams/112172/light_30.png
8,239085, E. Haaland,https://cdn.sofifa.com/players/239/085/20_60.png,https://cdn.sofifa.com/flags/no.png,https://cdn.sofifa.com/teams/22/light_30.png
9,248243, E. Camavinga,https://cdn.sofifa.com/players/248/243/20_60.png,https://cdn.sofifa.com/flags/fr.png,https://cdn.sofifa.com/teams/74/light_30.png
10,241096, S. Tonali,https://cdn.sofifa.com/players/241/096/20_60.png,https://cdn.sofifa.com/flags/it.png,https://cdn.sofifa.com/teams/190/light_30.png
11,234906, H. Aouar,https://cdn.sofifa.com/players/234/906/20_60.png,https://cdn.sofifa.com/flags/fr.png,https://cdn.sofifa.com/teams/66/light_30.png
12,234396, A. Davies,https://cdn.sofifa.com/players/234/396/20_60.png,https://cdn.sofifa.com/flags/ca.png,https://cdn.sofifa.com/teams/21/light_30.png
13,217940, D. Djené,https://cdn.sofifa.com/players/217/940/20_60.png,https://cdn.sofifa.com/flags/tg.png,https://cdn.sofifa.com/teams/1860/light_30.png
14,179668, 18 E. Lugo,https://cdn.sofifa.com/players/179/668/18_60.png,https://cdn.sofifa.com/flags/mx.png,https://cdn.sofifa.com/teams/110150/light_30.png
15,246420, J. Doku,https://cdn.sofifa.com/players/246/420/20_60.png,https://cdn.sofifa.com/flags/be.png,https://cdn.sofifa.com/teams/229/light_30.png
16,235790, K. Havertz,https://cdn.sofifa.com/players/235/790/20_60.png,https://cdn.sofifa.com/flags/de.png,https://cdn.sofifa.com/teams/32/light_30.png
17,253004, Ansu Fati,https://cdn.sofifa.com/players/253/004/20_60.png,https://cdn.sofifa.com/flags/es.png,https://cdn.sofifa.com/teams/241/light_30.png
18,20801, Cristiano Ronaldo,https://cdn.sofifa.com/players/020/801/20_60.png,https://cdn.sofifa.com/flags/pt.png,https://cdn.sofifa.com/teams/45/light_30.png
19,158023, L. Messi,https://cdn.sofifa.com/players/158/023/20_60.png,https://cdn.sofifa.com/flags/ar.png,https://cdn.sofifa.com/teams/241/light_30.png
20,235467, M. Moreno,https://cdn.sofifa.com/players/235/467/20_60.png,https://cdn.sofifa.com/flags/ar.png,https://cdn.sofifa.com/teams/110395/light_30.png
21,206113, S. Gnabry,https://cdn.sofifa.com/players/206/113/20_60.png,https://cdn.sofifa.com/flags/de.png,https://cdn.sofifa.com/teams/21/light_30.png
22,252037, Fábio Silva,https://cdn.sofifa.com/players/252/037/20_60.png,https://cdn.sofifa.com/flags/pt.png,https://cdn.sofifa.com/teams/236/light_30.png
23,231747, K. Mbappé,https://cdn.sofifa.com/players/231/747/20_60.png,https://cdn.sofifa.com/flags/fr.png,https://cdn.sofifa.com/teams/73/light_30.png
24,231281, T. Alexander-Arnold,https://cdn.sofifa.com/players/231/281/20_60.png,https://cdn.sofifa.com/flags/gb-eng.png,https://cdn.sofifa.com/teams/9/light_30.png
25,246147, M. Greenwood,https://cdn.sofifa.com/players/246/147/20_60.png,https://cdn.sofifa.com/flags/gb-eng.png,https://cdn.sofifa.com/teams/11/light_30.png
26,241202, P. Daka,https://cdn.sofifa.com/players/241/202/20_60.png,https://cdn.sofifa.com/flags/zm.png,https://cdn.sofifa.com/teams/191/light_30.png
27,216266, K. Tete,https://cdn.sofifa.com/players/216/266/20_60.png,https://cdn.sofifa.com/flags/nl.png,https://cdn.sofifa.com/teams/66/light_30.png
28,229140, 17 F. Templ,https://cdn.sofifa.com/players/229/140/17_60.png,https://cdn.sofifa.com/flags/at.png,https://cdn.sofifa.com/teams/1785/light_30.png
29,208670, H. Ziyech,https://cdn.sofifa.com/players/208/670/20_60.png,https://cdn.sofifa.com/flags/ma.png,https://cdn.sofifa.com/teams/245/light_30.png
30,188567, P. Aubameyang,https://cdn.sofifa.com/players/188/567/20_60.png,https://cdn.sofifa.com/flags/ga.png,https://cdn.sofifa.com/teams/1/light_30.png
31,182043, Zeng Cheng,https://cdn.sofifa.com/players/182/043/20_60.png,https://cdn.sofifa.com/flags/cn.png,https://cdn.sofifa.com/teams/110955/light_30.png
32,202556, M. Depay,https://cdn.sofifa.com/players/202/556/20_60.png,https://cdn.sofifa.com/flags/nl.png,https://cdn.sofifa.com/teams/66/light_30.png
33,244778, Francisco Trincão,https://cdn.sofifa.com/players/244/778/20_60.png,https://cdn.sofifa.com/flags/pt.png,https://cdn.sofifa.com/teams/1896/light_30.png
34,229558, D. Upamecano,https://cdn.sofifa.com/players/229/558/20_60.png,https://cdn.sofifa.com/flags/fr.png,https://cdn.sofifa.com/teams/112172/light_30.png
35,148689, 10 J. Sørensen,https://cdn.sofifa.com/players/148/689/10_60.png,https://cdn.sofifa.com/flags/no.png,
36,189509, Thiago,https://cdn.sofifa.com/players/189/509/20_60.png,https://cdn.sofifa.com/flags/es.png,https://cdn.sofifa.com/teams/21/light_30.png
37,227796, C. Pulisic,https://cdn.sofifa.com/players/227/796/20_60.png,https://cdn.sofifa.com/flags/us.png,https://cdn.sofifa.com/teams/5/light_30.png
38,231677, M. Rashford,https://cdn.sofifa.com/players/231/677/20_60.png,https://cdn.sofifa.com/flags/gb-eng.png,https://cdn.sofifa.com/teams/11/light_30.png
39,241461, Ferrán Torres,https://cdn.sofifa.com/players/241/461/20_60.png,https://cdn.sofifa.com/flags/es.png,https://cdn.sofifa.com/teams/461/light_30.png
40,155862, Sergio Ramos,https://cdn.sofifa.com/players/155/862/20_60.png,https://cdn.sofifa.com/flags/es.png,https://cdn.sofifa.com/teams/243/light_30.png
41,246669, B. Saka,https://cdn.sofifa.com/players/246/669/20_60.png,https://cdn.sofifa.com/flags/gb-eng.png,https://cdn.sofifa.com/teams/1/light_30.png
42,242444, João Félix,https://cdn.sofifa.com/players/242/444/20_60.png,https://cdn.sofifa.com/flags/pt.png,https://cdn.sofifa.com/teams/240/light_30.png
43,236772, D. Szoboszlai,https://cdn.sofifa.com/players/236/772/20_60.png,https://cdn.sofifa.com/flags/hu.png,https://cdn.sofifa.com/teams/191/light_30.png
44,243812, Rodrygo,https://cdn.sofifa.com/players/243/812/20_60.png,https://cdn.sofifa.com/flags/br.png,https://cdn.sofifa.com/teams/243/light_30.png
45,212198, Bruno Fernandes,https://cdn.sofifa.com/players/212/198/20_60.png,https://cdn.sofifa.com/flags/pt.png,https://cdn.sofifa.com/teams/11/light_30.png
46,198710, J. Rodríguez,https://cdn.sofifa.com/players/198/710/20_60.png,https://cdn.sofifa.com/flags/co.png,https://cdn.sofifa.com/teams/243/light_30.png
47,232756, F. Tomori,https://cdn.sofifa.com/players/232/756/20_60.png,https://cdn.sofifa.com/flags/gb-eng.png,https://cdn.sofifa.com/teams/5/light_30.png
48,183277, E. Hazard,https://cdn.sofifa.com/players/183/277/20_60.png,https://cdn.sofifa.com/flags/be.png,https://cdn.sofifa.com/teams/243/light_30.png
49,190871, Neymar Jr,https://cdn.sofifa.com/players/190/871/20_60.png,https://cdn.sofifa.com/flags/br.png,https://cdn.sofifa.com/teams/73/light_30.png
50,221363, D. van de Beek,https://cdn.sofifa.com/players/221/363/20_60.png,https://cdn.sofifa.com/flags/nl.png,https://cdn.sofifa.com/teams/245/light_30.png
51,238074, R. James,https://cdn.sofifa.com/players/238/074/20_60.png,https://cdn.sofifa.com/flags/gb-eng.png,https://cdn.sofifa.com/teams/5/light_30.png
52,239053, F. Valverde,https://cdn.sofifa.com/players/239/053/20_60.png,https://cdn.sofifa.com/flags/uy.png,https://cdn.sofifa.com/teams/243/light_30.png
53,243630, J. David,https://cdn.sofifa.com/players/243/630/20_60.png,https://cdn.sofifa.com/flags/ca.png,https://cdn.sofifa.com/teams/674/light_30.png
54,212622, J. Kimmich,https://cdn.sofifa.com/players/212/622/20_60.png,https://cdn.sofifa.com/flags/de.png,https://cdn.sofifa.com/teams/21/light_30.png
55,213956, Adama Traoré,https://cdn.sofifa.com/players/213/956/20_60.png,https://cdn.sofifa.com/flags/es.png,https://cdn.sofifa.com/teams/110/light_30.png
56,235735, E. Ampadu,https://cdn.sofifa.com/players/235/735/20_60.png,https://cdn.sofifa.com/flags/gb-wls.png,https://cdn.sofifa.com/teams/112172/light_30.png
57,228702, F. de Jong,https://cdn.sofifa.com/players/228/702/20_60.png,https://cdn.sofifa.com/flags/nl.png,https://cdn.sofifa.com/teams/241/light_30.png
58,242816, Riqui Puig,https://cdn.sofifa.com/players/242/816/20_60.png,https://cdn.sofifa.com/flags/es.png,https://cdn.sofifa.com/teams/241/light_30.png
59,243715, W. Saliba,https://cdn.sofifa.com/players/243/715/20_60.png,https://cdn.sofifa.com/flags/fr.png,https://cdn.sofifa.com/teams/1819/light_30.png
60,203376, V. van Dijk,https://cdn.sofifa.com/players/203/376/20_60.png,https://cdn.sofifa.com/flags/nl.png,https://cdn.sofifa.com/teams/9/light_30.png
61,231478, L. Martínez,https://cdn.sofifa.com/players/231/478/20_60.png,https://cdn.sofifa.com/flags/ar.png,https://cdn.sofifa.com/teams/44/light_30.png
62,221697, O. Watkins,https://cdn.sofifa.com/players/221/697/20_60.png,https://cdn.sofifa.com/flags/gb-eng.png,https://cdn.sofifa.com/teams/1925/light_30.png
63,245371, T. Almada,https://cdn.sofifa.com/players/245/371/20_60.png,https://cdn.sofifa.com/flags/ar.png,https://cdn.sofifa.com/teams/101088/light_30.png
64,248808, A. Hickey,https://cdn.sofifa.com/players/248/808/20_60.png,https://cdn.sofifa.com/flags/gb-sct.png,https://cdn.sofifa.com/teams/80/light_30.png
65,238794, Vinícius Jr.,https://cdn.sofifa.com/players/238/794/20_60.png,https://cdn.sofifa.com/flags/br.png,https://cdn.sofifa.com/teams/243/light_30.png
66,195864, P. Pogba,https://cdn.sofifa.com/players/195/864/20_60.png,https://cdn.sofifa.com/flags/fr.png,https://cdn.sofifa.com/teams/11/light_30.png
67,245279, Reguilón,https://cdn.sofifa.com/players/245/279/20_60.png,https://cdn.sofifa.com/flags/es.png,https://cdn.sofifa.com/teams/481/light_30.png
68,247360, L. Stergiou,https://cdn.sofifa.com/players/247/360/20_60.png,https://cdn.sofifa.com/flags/ch.png,https://cdn.sofifa.com/teams/898/light_30.png
69,231943, Richarlison,https://cdn.sofifa.com/players/231/943/20_60.png,https://cdn.sofifa.com/flags/br.png,https://cdn.sofifa.com/teams/7/light_30.png
70,254544, Reinier,https://cdn.sofifa.com/players/254/544/20_60.png,https://cdn.sofifa.com/flags/br.png,https://cdn.sofifa.com/teams/243/light_30.png
71,237692, P. Foden,https://cdn.sofifa.com/players/237/692/20_60.png,https://cdn.sofifa.com/flags/gb-eng.png,https://cdn.sofifa.com/teams/10/light_30.png
72,231410, Brahim,https://cdn.sofifa.com/players/231/410/20_60.png,https://cdn.sofifa.com/flags/es.png,https://cdn.sofifa.com/teams/243/light_30.png
73,211300, A. Martial,https://cdn.sofifa.com/players/211/300/20_60.png,https://cdn.sofifa.com/flags/fr.png,https://cdn.sofifa.com/teams/11/light_30.png
74,200104, H. Son,https://cdn.sofifa.com/players/200/104/20_60.png,https://cdn.sofifa.com/flags/kr.png,https://cdn.sofifa.com/teams/18/light_30.png
75,232580, Gabriel,https://cdn.sofifa.com/players/232/580/20_60.png,https://cdn.sofifa.com/flags/br.png,https://cdn.sofifa.com/teams/65/light_30.png
76,222665, M. Ødegaard,https://cdn.sofifa.com/players/222/665/20_60.png,https://cdn.sofifa.com/flags/no.png,https://cdn.sofifa.com/teams/457/light_30.png
77,237681, T. Kubo,https://cdn.sofifa.com/players/237/681/20_60.png,https://cdn.sofifa.com/flags/jp.png,https://cdn.sofifa.com/teams/453/light_30.png
78,234642, E. Mendy,https://cdn.sofifa.com/players/234/642/20_60.png,https://cdn.sofifa.com/flags/sn.png,https://cdn.sofifa.com/teams/74/light_30.png
79,245037, Eric García,https://cdn.sofifa.com/players/245/037/20_60.png,https://cdn.sofifa.com/flags/es.png,https://cdn.sofifa.com/teams/10/light_30.png
80,236600, J. Tanganga,https://cdn.sofifa.com/players/236/600/20_60.png,https://cdn.sofifa.com/flags/gb-eng.png,https://cdn.sofifa.com/teams/18/light_30.png
81,251804, S. Dest,https://cdn.sofifa.com/players/251/804/20_60.png,https://cdn.sofifa.com/flags/us.png,https://cdn.sofifa.com/teams/245/light_30.png
82,232293, V. Osimhen,https://cdn.sofifa.com/players/232/293/20_60.png,https://cdn.sofifa.com/flags/ng.png,https://cdn.sofifa.com/teams/65/light_30.png
83,203551, A. Florenzi,https://cdn.sofifa.com/players/203/551/20_60.png,https://cdn.sofifa.com/flags/it.png,https://cdn.sofifa.com/teams/461/light_30.png
84,240060, M. Aarons,https://cdn.sofifa.com/players/240/060/20_60.png,https://cdn.sofifa.com/flags/gb-eng.png,https://cdn.sofifa.com/teams/1792/light_30.png
85,235212, A. Hakimi,https://cdn.sofifa.com/players/235/212/20_60.png,https://cdn.sofifa.com/flags/ma.png,https://cdn.sofifa.com/teams/22/light_30.png
86,210035, Grimaldo,https://cdn.sofifa.com/players/210/035/20_60.png,https://cdn.sofifa.com/flags/es.png,https://cdn.sofifa.com/teams/234/light_30.png
87,193165, J. Corona,https://cdn.sofifa.com/players/193/165/20_60.png,https://cdn.sofifa.com/flags/mx.png,https://cdn.sofifa.com/teams/236/light_30.png
88,238744, W. McKennie,https://cdn.sofifa.com/players/238/744/20_60.png,https://cdn.sofifa.com/flags/us.png,https://cdn.sofifa.com/teams/34/light_30.png
89,239970, Paulinho,https://cdn.sofifa.com/players/239/970/20_60.png,https://cdn.sofifa.com/flags/br.png,https://cdn.sofifa.com/teams/32/light_30.png
90,225100, J. Gomez,https://cdn.sofifa.com/players/225/100/20_60.png,https://cdn.sofifa.com/flags/gb-eng.png,https://cdn.sofifa.com/teams/9/light_30.png
91,245541, G. Reyna,https://cdn.sofifa.com/players/245/541/20_60.png,https://cdn.sofifa.com/flags/us.png,https://cdn.sofifa.com/teams/22/light_30.png
92,188545, R. Lewandowski,https://cdn.sofifa.com/players/188/545/20_60.png,https://cdn.sofifa.com/flags/pl.png,https://cdn.sofifa.com/teams/21/light_30.png
93,240740, C. Hudson-Odoi,https://cdn.sofifa.com/players/240/740/20_60.png,https://cdn.sofifa.com/flags/gb-eng.png,https://cdn.sofifa.com/teams/5/light_30.png
94,138871, D. Moscardelli,https://cdn.sofifa.com/players/138/871/20_60.png,https://cdn.sofifa.com/flags/it.png,https://cdn.sofifa.com/teams/110738/light_30.png
95,239956, M. Boadu,https://cdn.sofifa.com/players/239/956/20_60.png,https://cdn.sofifa.com/flags/nl.png,https://cdn.sofifa.com/teams/1906/light_30.png
96,238067, N. Zaniolo,https://cdn.sofifa.com/players/238/067/20_60.png,https://cdn.sofifa.com/flags/it.png,https://cdn.sofifa.com/teams/52/light_30.png
97,246618, A. Hložek,https://cdn.sofifa.com/players/246/618/20_60.png,https://cdn.sofifa.com/flags/cz.png,https://cdn.sofifa.com/teams/267/light_30.png
98,190813, S. El Shaarawy,https://cdn.sofifa.com/players/190/813/20_60.png,https://cdn.sofifa.com/flags/it.png,https://cdn.sofifa.com/teams/110955/light_30.png
99,243854, M. Simakan,https://cdn.sofifa.com/players/243/854/20_60.png,https://cdn.sofifa.com/flags/fr.png,https://cdn.sofifa.com/teams/76/light_30.png
100,251317, A. Lungwitz,https://cdn.sofifa.com/players/251/317/20_60.png,https://cdn.sofifa.com/flags/de.png,https://cdn.sofifa.com/teams/165/light_30.png
101,246104, R. Gravenberch,https://cdn.sofifa.com/players/246/104/20_60.png,https://cdn.sofifa.com/flags/nl.png,https://cdn.sofifa.com/teams/245/light_30.png
102,229880, A. Wan-Bissaka,https://cdn.sofifa.com/players/229/880/20_60.png,https://cdn.sofifa.com/flags/gb-eng.png,https://cdn.sofifa.com/teams/11/light_30.png
103,246960, M. Ihattaren,https://cdn.sofifa.com/players/246/960/20_60.png,https://cdn.sofifa.com/flags/nl.png,https://cdn.sofifa.com/teams/247/light_30.png
104,216267, A. Robertson,https://cdn.sofifa.com/players/216/267/20_60.png,https://cdn.sofifa.com/flags/gb-sct.png,https://cdn.sofifa.com/teams/9/light_30.png
105,220901, David Raya,https://cdn.sofifa.com/players/220/901/20_60.png,https://cdn.sofifa.com/flags/es.png,https://cdn.sofifa.com/teams/1925/light_30.png
106,251566, Gabriel Martinelli,https://cdn.sofifa.com/players/251/566/20_60.png,https://cdn.sofifa.com/flags/br.png,https://cdn.sofifa.com/teams/1/light_30.png
107,237678, I. Konaté,https://cdn.sofifa.com/players/237/678/20_60.png,https://cdn.sofifa.com/flags/fr.png,https://cdn.sofifa.com/teams/112172/light_30.png
108,209658, L. Goretzka,https://cdn.sofifa.com/players/209/658/20_60.png,https://cdn.sofifa.com/flags/de.png,https://cdn.sofifa.com/teams/21/light_30.png
109,208135, A. Doucouré,https://cdn.sofifa.com/players/208/135/20_60.png,https://cdn.sofifa.com/flags/fr.png,https://cdn.sofifa.com/teams/1795/light_30.png
110,231443, O. Dembélé,https://cdn.sofifa.com/players/231/443/20_60.png,https://cdn.sofifa.com/flags/fr.png,https://cdn.sofifa.com/teams/241/light_30.png
111,201942, Roberto Firmino,https://cdn.sofifa.com/players/201/942/20_60.png,https://cdn.sofifa.com/flags/br.png,https://cdn.sofifa.com/teams/9/light_30.png
112,203747, Héctor Bellerín,https://cdn.sofifa.com/players/203/747/20_60.png,https://cdn.sofifa.com/flags/es.png,https://cdn.sofifa.com/teams/1/light_30.png
113,212462, Alex Telles,https://cdn.sofifa.com/players/212/462/20_60.png,https://cdn.sofifa.com/flags/br.png,https://cdn.sofifa.com/teams/236/light_30.png
114,233064, M. Mount,https://cdn.sofifa.com/players/233/064/20_60.png,https://cdn.sofifa.com/flags/gb-eng.png,https://cdn.sofifa.com/teams/5/light_30.png
115,204529, M. Batshuayi,https://cdn.sofifa.com/players/204/529/20_60.png,https://cdn.sofifa.com/flags/be.png,https://cdn.sofifa.com/teams/5/light_30.png
116,255253, Vítor Ferreira,https://cdn.sofifa.com/players/255/253/20_60.png,https://cdn.sofifa.com/flags/pt.png,https://cdn.sofifa.com/teams/236/light_30.png
117,234378, D. Rice,https://cdn.sofifa.com/players/234/378/20_60.png,https://cdn.sofifa.com/flags/gb-eng.png,https://cdn.sofifa.com/teams/19/light_30.png
118,202811, E. Martínez,https://cdn.sofifa.com/players/202/811/20_60.png,https://cdn.sofifa.com/flags/ar.png,https://cdn.sofifa.com/teams/1/light_30.png
119,176580, L. Suárez,https://cdn.sofifa.com/players/176/580/20_60.png,https://cdn.sofifa.com/flags/uy.png,https://cdn.sofifa.com/teams/241/light_30.png
120,176580, L. Suárez,https://cdn.sofifa.com/players/176/580/20_60.png,https://cdn.sofifa.com/flags/uy.png,https://cdn.sofifa.com/teams/241/light_30.png
121,229261, D. Zakaria,https://cdn.sofifa.com/players/229/261/20_60.png,https://cdn.sofifa.com/flags/ch.png,https://cdn.sofifa.com/teams/23/light_30.png
122,192985, K. De Bruyne,https://cdn.sofifa.com/players/192/985/20_60.png,https://cdn.sofifa.com/flags/be.png,https://cdn.sofifa.com/teams/10/light_30.png
123,235926, M. Zaracho,https://cdn.sofifa.com/players/235/926/20_60.png,https://cdn.sofifa.com/flags/ar.png,https://cdn.sofifa.com/teams/101085/light_30.png
124,239817, B. Soumaré,https://cdn.sofifa.com/players/239/817/20_60.png,https://cdn.sofifa.com/flags/fr.png,https://cdn.sofifa.com/teams/65/light_30.png
125,206517, J. Grealish,https://cdn.sofifa.com/players/206/517/20_60.png,https://cdn.sofifa.com/flags/gb-eng.png,https://cdn.sofifa.com/teams/2/light_30.png
126,252489, M. Kana,https://cdn.sofifa.com/players/252/489/20_60.png,https://cdn.sofifa.com/flags/be.png,https://cdn.sofifa.com/teams/229/light_30.png
127,229167, M. Rashica,https://cdn.sofifa.com/players/229/167/20_60.png,https://cdn.sofifa.com/flags/xk.png,https://cdn.sofifa.com/teams/38/light_30.png
128,228941, André Silva,https://cdn.sofifa.com/players/228/941/20_60.png,https://cdn.sofifa.com/flags/pt.png,https://cdn.sofifa.com/teams/1824/light_30.png
129,237819, N. Domínguez,https://cdn.sofifa.com/players/237/819/20_60.png,https://cdn.sofifa.com/flags/ar.png,https://cdn.sofifa.com/teams/189/light_30.png
130,225953, S. Bergwijn,https://cdn.sofifa.com/players/225/953/20_60.png,https://cdn.sofifa.com/flags/nl.png,https://cdn.sofifa.com/teams/18/light_30.png
131,190460, C. Eriksen,https://cdn.sofifa.com/players/190/460/20_60.png,https://cdn.sofifa.com/flags/dk.png,https://cdn.sofifa.com/teams/44/light_30.png
132,231521, E. Palacios,https://cdn.sofifa.com/players/231/521/20_60.png,https://cdn.sofifa.com/flags/ar.png,https://cdn.sofifa.com/teams/32/light_30.png
133,183711, J. Henderson,https://cdn.sofifa.com/players/183/711/20_60.png,https://cdn.sofifa.com/flags/gb-eng.png,https://cdn.sofifa.com/teams/9/light_30.png
134,226166, N. Mukiele,https://cdn.sofifa.com/players/226/166/20_60.png,https://cdn.sofifa.com/flags/fr.png,https://cdn.sofifa.com/teams/112172/light_30.png
135,235883, R. Sessegnon,https://cdn.sofifa.com/players/235/883/20_60.png,https://cdn.sofifa.com/flags/gb-eng.png,https://cdn.sofifa.com/teams/18/light_30.png
136,223848, S. Milinković-Savić,https://cdn.sofifa.com/players/223/848/20_60.png,https://cdn.sofifa.com/flags/rs.png,https://cdn.sofifa.com/teams/46/light_30.png
137,251854, Pedri,https://cdn.sofifa.com/players/251/854/20_60.png,https://cdn.sofifa.com/flags/es.png,https://cdn.sofifa.com/teams/472/light_30.png
138,229984, B. Chilwell,https://cdn.sofifa.com/players/229/984/20_60.png,https://cdn.sofifa.com/flags/gb-eng.png,https://cdn.sofifa.com/teams/95/light_30.png
139,247204, Emerson,https://cdn.sofifa.com/players/247/204/20_60.png,https://cdn.sofifa.com/flags/br.png,https://cdn.sofifa.com/teams/449/light_30.png
140,242602, J. Vagnoman,https://cdn.sofifa.com/players/242/602/20_60.png,https://cdn.sofifa.com/flags/de.png,https://cdn.sofifa.com/teams/28/light_30.png
141,251517, J. Gvardiol,https://cdn.sofifa.com/players/251/517/20_60.png,https://cdn.sofifa.com/flags/hr.png,https://cdn.sofifa.com/teams/211/light_30.png
142,202166, J. Draxler,https://cdn.sofifa.com/players/202/166/20_60.png,https://cdn.sofifa.com/flags/de.png,https://cdn.sofifa.com/teams/73/light_30.png
143,165153, K. Benzema,https://cdn.sofifa.com/players/165/153/20_60.png,https://cdn.sofifa.com/flags/fr.png,https://cdn.sofifa.com/teams/243/light_30.png
144,178509, O. Giroud,https://cdn.sofifa.com/players/178/509/20_60.png,https://cdn.sofifa.com/flags/fr.png,https://cdn.sofifa.com/teams/5/light_30.png
145,211110, P. Dybala,https://cdn.sofifa.com/players/211/110/20_60.png,https://cdn.sofifa.com/flags/ar.png,https://cdn.sofifa.com/teams/45/light_30.png
146,246045, P. De la Vega,https://cdn.sofifa.com/players/246/045/20_60.png,https://cdn.sofifa.com/flags/ar.png,https://cdn.sofifa.com/teams/110395/light_30.png
147,197445, D. Alaba,https://cdn.sofifa.com/players/197/445/20_60.png,https://cdn.sofifa.com/flags/at.png,https://cdn.sofifa.com/teams/21/light_30.png
148,202126, H. Kane,https://cdn.sofifa.com/players/202/126/20_60.png,https://cdn.sofifa.com/flags/gb-eng.png,https://cdn.sofifa.com/teams/18/light_30.png
149,229906, L. Bailey,https://cdn.sofifa.com/players/229/906/20_60.png,https://cdn.sofifa.com/flags/jm.png,https://cdn.sofifa.com/teams/32/light_30.png
150,235243, M. de Ligt,https://cdn.sofifa.com/players/235/243/20_60.png,https://cdn.sofifa.com/flags/nl.png,https://cdn.sofifa.com/teams/45/light_30.png
151,239818, Rúben Dias,https://cdn.sofifa.com/players/239/818/20_60.png,https://cdn.sofifa.com/flags/pt.png,https://cdn.sofifa.com/teams/234/light_30.png
152,189596, T. Müller,https://cdn.sofifa.com/players/189/596/20_60.png,https://cdn.sofifa.com/flags/de.png,https://cdn.sofifa.com/teams/21/light_30.png
153,232097, A. Harit,https://cdn.sofifa.com/players/232/097/20_60.png,https://cdn.sofifa.com/flags/ma.png,https://cdn.sofifa.com/teams/34/light_30.png
154,194765, A. Griezmann,https://cdn.sofifa.com/players/194/765/20_60.png,https://cdn.sofifa.com/flags/fr.png,https://cdn.sofifa.com/teams/241/light_30.png
155,235353, I. Sarr,https://cdn.sofifa.com/players/235/353/20_60.png,https://cdn.sofifa.com/flags/sn.png,https://cdn.sofifa.com/teams/1795/light_30.png
156,243662, 19 Kalindi,https://cdn.sofifa.com/players/243/662/19_60.png,https://cdn.sofifa.com/flags/br.png,https://cdn.sofifa.com/teams/1891/light_30.png
157,215914, N. Kanté,https://cdn.sofifa.com/players/215/914/20_60.png,https://cdn.sofifa.com/flags/fr.png,https://cdn.sofifa.com/teams/5/light_30.png
158,212710, Joel Pereira,https://cdn.sofifa.com/players/212/710/20_60.png,https://cdn.sofifa.com/flags/pt.png,https://cdn.sofifa.com/teams/80/light_30.png
159,231447, D. Malen,https://cdn.sofifa.com/players/231/447/20_60.png,https://cdn.sofifa.com/flags/nl.png,https://cdn.sofifa.com/teams/247/light_30.png
160,226110, N. Pépé,https://cdn.sofifa.com/players/226/110/20_60.png,https://cdn.sofifa.com/flags/ci.png,https://cdn.sofifa.com/teams/1/light_30.png
161,210243, Ricardo Pereira,https://cdn.sofifa.com/players/210/243/20_60.png,https://cdn.sofifa.com/flags/pt.png,https://cdn.sofifa.com/teams/95/light_30.png
162,218667, Bernardo Silva,https://cdn.sofifa.com/players/218/667/20_60.png,https://cdn.sofifa.com/flags/pt.png,https://cdn.sofifa.com/teams/10/light_30.png
163,222331, L. Klostermann,https://cdn.sofifa.com/players/222/331/20_60.png,https://cdn.sofifa.com/flags/de.png,https://cdn.sofifa.com/teams/112172/light_30.png
164,245992, B. Gilmour,https://cdn.sofifa.com/players/245/992/20_60.png,https://cdn.sofifa.com/flags/gb-sct.png,https://cdn.sofifa.com/teams/5/light_30.png
165,244260, Dani Olmo,https://cdn.sofifa.com/players/244/260/20_60.png,https://cdn.sofifa.com/flags/es.png,https://cdn.sofifa.com/teams/112172/light_30.png
166,224081, K. Phillips,https://cdn.sofifa.com/players/224/081/20_60.png,https://cdn.sofifa.com/flags/gb-eng.png,https://cdn.sofifa.com/teams/8/light_30.png
167,228736, W. Faríñez,https://cdn.sofifa.com/players/228/736/20_60.png,https://cdn.sofifa.com/flags/ve.png,https://cdn.sofifa.com/teams/101105/light_30.png
168,235794, E. Eze,https://cdn.sofifa.com/players/235/794/20_60.png,https://cdn.sofifa.com/flags/gb-eng.png,https://cdn.sofifa.com/teams/15/light_30.png
169,209499, Fabinho,https://cdn.sofifa.com/players/209/499/20_60.png,https://cdn.sofifa.com/flags/br.png,https://cdn.sofifa.com/teams/9/light_30.png
170,213331, J. Tah,https://cdn.sofifa.com/players/213/331/20_60.png,https://cdn.sofifa.com/flags/de.png,https://cdn.sofifa.com/teams/32/light_30.png
171,207865, Marquinhos,https://cdn.sofifa.com/players/207/865/20_60.png,https://cdn.sofifa.com/flags/br.png,https://cdn.sofifa.com/teams/73/light_30.png
172,246646, M. Caqueret,https://cdn.sofifa.com/players/246/646/20_60.png,https://cdn.sofifa.com/flags/fr.png,https://cdn.sofifa.com/teams/66/light_30.png
173,251530, Nuno Tavares,https://cdn.sofifa.com/players/251/530/20_60.png,https://cdn.sofifa.com/flags/pt.png,https://cdn.sofifa.com/teams/234/light_30.png
174,232656, T. Hernández,https://cdn.sofifa.com/players/232/656/20_60.png,https://cdn.sofifa.com/flags/fr.png,https://cdn.sofifa.com/teams/47/light_30.png
175,236987, B. Kamara,https://cdn.sofifa.com/players/236/987/20_60.png,https://cdn.sofifa.com/flags/fr.png,https://cdn.sofifa.com/teams/219/light_30.png
176,239981, J. Arp,https://cdn.sofifa.com/players/239/981/20_60.png,https://cdn.sofifa.com/flags/de.png,https://cdn.sofifa.com/teams/21/light_30.png
177,222492, L. Sané,https://cdn.sofifa.com/players/222/492/20_60.png,https://cdn.sofifa.com/flags/de.png,https://cdn.sofifa.com/teams/10/light_30.png
178,236496, M. Guendouzi,https://cdn.sofifa.com/players/236/496/20_60.png,https://cdn.sofifa.com/flags/fr.png,https://cdn.sofifa.com/teams/1/light_30.png
179,247888, S. Esposito,https://cdn.sofifa.com/players/247/888/20_60.png,https://cdn.sofifa.com/flags/it.png,https://cdn.sofifa.com/teams/44/light_30.png
180,222492, L. Sané,https://cdn.sofifa.com/players/222/492/20_60.png,https://cdn.sofifa.com/flags/de.png,https://cdn.sofifa.com/teams/10/light_30.png
181,192505, R. Lukaku,https://cdn.sofifa.com/players/192/505/20_60.png,https://cdn.sofifa.com/flags/be.png,https://cdn.sofifa.com/teams/44/light_30.png
182,208722, S. Mané,https://cdn.sofifa.com/players/208/722/20_60.png,https://cdn.sofifa.com/flags/sn.png,https://cdn.sofifa.com/teams/9/light_30.png
183,209989, T. Partey,https://cdn.sofifa.com/players/209/989/20_60.png,https://cdn.sofifa.com/flags/gh.png,https://cdn.sofifa.com/teams/240/light_30.png
184,192387, C. Immobile,https://cdn.sofifa.com/players/192/387/20_60.png,https://cdn.sofifa.com/flags/it.png,https://cdn.sofifa.com/teams/46/light_30.png
185,230142, Oyarzabal,https://cdn.sofifa.com/players/230/142/20_60.png,https://cdn.sofifa.com/flags/es.png,https://cdn.sofifa.com/teams/457/light_30.png
186,224232, N. Barella,https://cdn.sofifa.com/players/224/232/20_60.png,https://cdn.sofifa.com/flags/it.png,https://cdn.sofifa.com/teams/44/light_30.png
187,233306, D. Henderson,https://cdn.sofifa.com/players/233/306/20_60.png,https://cdn.sofifa.com/flags/gb-eng.png,https://cdn.sofifa.com/teams/1794/light_30.png
188,236988, E. Nketiah,https://cdn.sofifa.com/players/236/988/20_60.png,https://cdn.sofifa.com/flags/gb-eng.png,https://cdn.sofifa.com/teams/1/light_30.png
189,220814, L. Hernández,https://cdn.sofifa.com/players/220/814/20_60.png,https://cdn.sofifa.com/flags/fr.png,https://cdn.sofifa.com/teams/21/light_30.png
190,209331, M. Salah,https://cdn.sofifa.com/players/209/331/20_60.png,https://cdn.sofifa.com/flags/eg.png,https://cdn.sofifa.com/teams/9/light_30.png
191,199451, W. Ben Yedder,https://cdn.sofifa.com/players/199/451/20_60.png,https://cdn.sofifa.com/flags/fr.png,https://cdn.sofifa.com/teams/69/light_30.png
192,230658, Arthur,https://cdn.sofifa.com/players/230/658/20_60.png,https://cdn.sofifa.com/flags/br.png,https://cdn.sofifa.com/teams/241/light_30.png
193,236007, E. Barco,https://cdn.sofifa.com/players/236/007/20_60.png,https://cdn.sofifa.com/flags/ar.png,https://cdn.sofifa.com/teams/112885/light_30.png
194,231292, J. Lewis,https://cdn.sofifa.com/players/231/292/20_60.png,https://cdn.sofifa.com/flags/gb-nir.png,https://cdn.sofifa.com/teams/1792/light_30.png
195,241852, M. Diaby,https://cdn.sofifa.com/players/241/852/20_60.png,https://cdn.sofifa.com/flags/fr.png,https://cdn.sofifa.com/teams/32/light_30.png
196,208421, Saúl,https://cdn.sofifa.com/players/208/421/20_60.png,https://cdn.sofifa.com/flags/es.png,https://cdn.sofifa.com/teams/240/light_30.png
197,243414, B. Williams,https://cdn.sofifa.com/players/243/414/20_60.png,https://cdn.sofifa.com/flags/gb-eng.png,https://cdn.sofifa.com/teams/11/light_30.png
198,238476, D. Zagadou,https://cdn.sofifa.com/players/238/476/20_60.png,https://cdn.sofifa.com/flags/fr.png,https://cdn.sofifa.com/teams/22/light_30.png
199,232432, L. Jović,https://cdn.sofifa.com/players/232/432/20_60.png,https://cdn.sofifa.com/flags/rs.png,https://cdn.sofifa.com/teams/243/light_30.png
200,188350, M. Reus,https://cdn.sofifa.com/players/188/350/20_60.png,https://cdn.sofifa.com/flags/de.png,https://cdn.sofifa.com/teams/22/light_30.png
201,227928, Nélson Semedo,https://cdn.sofifa.com/players/227/928/20_60.png,https://cdn.sofifa.com/flags/pt.png,https://cdn.sofifa.com/teams/241/light_30.png
202,252038, Romário Baró,https://cdn.sofifa.com/players/252/038/20_60.png,https://cdn.sofifa.com/flags/pt.png,https://cdn.sofifa.com/teams/236/light_30.png
203,240507, A. Gomes,https://cdn.sofifa.com/players/240/507/20_60.png,https://cdn.sofifa.com/flags/gb-eng.png,https://cdn.sofifa.com/teams/11/light_30.png
204,220440, C. Lenglet,https://cdn.sofifa.com/players/220/440/20_60.png,https://cdn.sofifa.com/flags/fr.png,https://cdn.sofifa.com/teams/241/light_30.png
205,232104, D. James,https://cdn.sofifa.com/players/232/104/20_60.png,https://cdn.sofifa.com/flags/gb-wls.png,https://cdn.sofifa.com/teams/11/light_30.png
206,224411, Gonçalo Guedes,https://cdn.sofifa.com/players/224/411/20_60.png,https://cdn.sofifa.com/flags/pt.png,https://cdn.sofifa.com/teams/461/light_30.png
207,203263, H. Maguire,https://cdn.sofifa.com/players/203/263/20_60.png,https://cdn.sofifa.com/flags/gb-eng.png,https://cdn.sofifa.com/teams/11/light_30.png
208,180206, M. Pjanić,https://cdn.sofifa.com/players/180/206/20_60.png,https://cdn.sofifa.com/flags/ba.png,https://cdn.sofifa.com/teams/45/light_30.png
209,208920, N. Aké,https://cdn.sofifa.com/players/208/920/20_60.png,https://cdn.sofifa.com/flags/nl.png,https://cdn.sofifa.com/teams/1943/light_30.png
210,228092, S. Berge,https://cdn.sofifa.com/players/228/092/20_60.png,https://cdn.sofifa.com/flags/no.png,https://cdn.sofifa.com/teams/1794/light_30.png
211,247641, Tete,https://cdn.sofifa.com/players/247/641/20_60.png,https://cdn.sofifa.com/flags/br.png,https://cdn.sofifa.com/teams/101059/light_30.png
212,204485, R. Mahrez,https://cdn.sofifa.com/players/204/485/20_60.png,https://cdn.sofifa.com/flags/dz.png,https://cdn.sofifa.com/teams/10/light_30.png
213,224293, Rúben Neves,https://cdn.sofifa.com/players/224/293/20_60.png,https://cdn.sofifa.com/flags/pt.png,https://cdn.sofifa.com/teams/110/light_30.png
214,231352, T. Abraham,https://cdn.sofifa.com/players/231/352/20_60.png,https://cdn.sofifa.com/flags/gb-eng.png,https://cdn.sofifa.com/teams/5/light_30.png
215,235569, T. Ndombele,https://cdn.sofifa.com/players/235/569/20_60.png,https://cdn.sofifa.com/flags/fr.png,https://cdn.sofifa.com/teams/18/light_30.png
216,232999, T. Adams,https://cdn.sofifa.com/players/232/999/20_60.png,https://cdn.sofifa.com/flags/us.png,https://cdn.sofifa.com/teams/112172/light_30.png
217,41236, Z. Ibrahimović,https://cdn.sofifa.com/players/041/236/20_60.png,https://cdn.sofifa.com/flags/se.png,https://cdn.sofifa.com/teams/47/light_30.png
218,247851, Bruno Guimarães,https://cdn.sofifa.com/players/247/851/20_60.png,https://cdn.sofifa.com/flags/br.png,https://cdn.sofifa.com/teams/66/light_30.png
219,236947, J. Torunarigha,https://cdn.sofifa.com/players/236/947/20_60.png,https://cdn.sofifa.com/flags/de.png,https://cdn.sofifa.com/teams/166/light_30.png
220,234574, Diogo Dalot,https://cdn.sofifa.com/players/234/574/20_60.png,https://cdn.sofifa.com/flags/pt.png,https://cdn.sofifa.com/teams/11/light_30.png
221,204619, D. De Belder,https://cdn.sofifa.com/players/204/619/20_60.png,https://cdn.sofifa.com/flags/be.png,https://cdn.sofifa.com/teams/1750/light_30.png
222,243780, Kangin Lee,https://cdn.sofifa.com/players/243/780/20_60.png,https://cdn.sofifa.com/flags/kr.png,https://cdn.sofifa.com/teams/461/light_30.png
223,213345, K. Coman,https://cdn.sofifa.com/players/213/345/20_60.png,https://cdn.sofifa.com/flags/fr.png,https://cdn.sofifa.com/teams/21/light_30.png
224,235454, M. Sarr,https://cdn.sofifa.com/players/235/454/20_60.png,https://cdn.sofifa.com/flags/fr.png,https://cdn.sofifa.com/teams/72/light_30.png
225,245426, M. Kumbulla,https://cdn.sofifa.com/players/245/426/20_60.png,https://cdn.sofifa.com/flags/al.png,https://cdn.sofifa.com/teams/206/light_30.png
226,216352, M. Brozović,https://cdn.sofifa.com/players/216/352/20_60.png,https://cdn.sofifa.com/flags/hr.png,https://cdn.sofifa.com/teams/44/light_30.png
227,220253, Munir,https://cdn.sofifa.com/players/220/253/20_60.png,https://cdn.sofifa.com/flags/es.png,https://cdn.sofifa.com/teams/481/light_30.png
228,226790, W. Ndidi,https://cdn.sofifa.com/players/226/790/20_60.png,https://cdn.sofifa.com/flags/ng.png,https://cdn.sofifa.com/teams/95/light_30.png
229,240130, Éder Militão,https://cdn.sofifa.com/players/240/130/20_60.png,https://cdn.sofifa.com/flags/br.png,https://cdn.sofifa.com/teams/243/light_30.png
230,143076, A. Gómez,https://cdn.sofifa.com/players/143/076/20_60.png,https://cdn.sofifa.com/flags/ar.png,https://cdn.sofifa.com/teams/39/light_30.png
231,236403, E. Ndicka,https://cdn.sofifa.com/players/236/403/20_60.png,https://cdn.sofifa.com/flags/fr.png,https://cdn.sofifa.com/teams/1824/light_30.png
232,234569, Florentino,https://cdn.sofifa.com/players/234/569/20_60.png,https://cdn.sofifa.com/flags/pt.png,https://cdn.sofifa.com/teams/234/light_30.png
233,226491, K. Tierney,https://cdn.sofifa.com/players/226/491/20_60.png,https://cdn.sofifa.com/flags/gb-sct.png,https://cdn.sofifa.com/teams/1/light_30.png
234,211591, M. Dembélé,https://cdn.sofifa.com/players/211/591/20_60.png,https://cdn.sofifa.com/flags/fr.png,https://cdn.sofifa.com/teams/66/light_30.png
235,231866, Rodri,https://cdn.sofifa.com/players/231/866/20_60.png,https://cdn.sofifa.com/flags/es.png,https://cdn.sofifa.com/teams/10/light_30.png
236,242434, C. Jones,https://cdn.sofifa.com/players/242/434/20_60.png,https://cdn.sofifa.com/flags/gb-eng.png,https://cdn.sofifa.com/teams/9/light_30.png
237,236632, David Neres,https://cdn.sofifa.com/players/236/632/20_60.png,https://cdn.sofifa.com/flags/br.png,https://cdn.sofifa.com/teams/245/light_30.png
238,246174, H. Elliott,https://cdn.sofifa.com/players/246/174/20_60.png,https://cdn.sofifa.com/flags/gb-eng.png,https://cdn.sofifa.com/teams/9/light_30.png
239,250961, J. Zirkzee,https://cdn.sofifa.com/players/250/961/20_60.png,https://cdn.sofifa.com/flags/nl.png,https://cdn.sofifa.com/teams/21/light_30.png
240,205175, A. Milik,https://cdn.sofifa.com/players/205/175/20_60.png,https://cdn.sofifa.com/flags/pl.png,https://cdn.sofifa.com/teams/48/light_30.png
241,226851, B. Pavard,https://cdn.sofifa.com/players/226/851/20_60.png,https://cdn.sofifa.com/flags/fr.png,https://cdn.sofifa.com/teams/21/light_30.png
242,236632, David Neres,https://cdn.sofifa.com/players/236/632/20_60.png,https://cdn.sofifa.com/flags/br.png,https://cdn.sofifa.com/teams/245/light_30.png
243,236499, Douglas Luiz,https://cdn.sofifa.com/players/236/499/20_60.png,https://cdn.sofifa.com/flags/br.png,https://cdn.sofifa.com/teams/2/light_30.png
244,230621, G. Donnarumma,https://cdn.sofifa.com/players/230/621/20_60.png,https://cdn.sofifa.com/flags/it.png,https://cdn.sofifa.com/teams/47/light_30.png
245,201024, K. Koulibaly,https://cdn.sofifa.com/players/201/024/20_60.png,https://cdn.sofifa.com/flags/sn.png,https://cdn.sofifa.com/teams/48/light_30.png
246,210413, A. Romagnoli,https://cdn.sofifa.com/players/210/413/20_60.png,https://cdn.sofifa.com/flags/it.png,https://cdn.sofifa.com/teams/47/light_30.png
247,231936, B. White,https://cdn.sofifa.com/players/231/936/20_60.png,https://cdn.sofifa.com/flags/gb-eng.png,https://cdn.sofifa.com/teams/8/light_30.png
248,193080, De Gea,https://cdn.sofifa.com/players/193/080/20_60.png,https://cdn.sofifa.com/flags/es.png,https://cdn.sofifa.com/teams/11/light_30.png
249,181291, G. Wijnaldum,https://cdn.sofifa.com/players/181/291/20_60.png,https://cdn.sofifa.com/flags/nl.png,https://cdn.sofifa.com/teams/9/light_30.png
250,226226, G. Lo Celso,https://cdn.sofifa.com/players/226/226/20_60.png,https://cdn.sofifa.com/flags/ar.png,https://cdn.sofifa.com/teams/18/light_30.png
251,242879, M. Vandevoordt,https://cdn.sofifa.com/players/242/879/20_60.png,https://cdn.sofifa.com/flags/be.png,https://cdn.sofifa.com/teams/673/light_30.png
252,236610, M. Kean,https://cdn.sofifa.com/players/236/610/20_60.png,https://cdn.sofifa.com/flags/it.png,https://cdn.sofifa.com/teams/7/light_30.png
253,189242, Coutinho,https://cdn.sofifa.com/players/189/242/20_60.png,https://cdn.sofifa.com/flags/br.png,https://cdn.sofifa.com/teams/21/light_30.png
254,226627, T. Minamino,https://cdn.sofifa.com/players/226/627/20_60.png,https://cdn.sofifa.com/flags/jp.png,https://cdn.sofifa.com/teams/9/light_30.png
255,223885, A. Nübel,https://cdn.sofifa.com/players/223/885/20_60.png,https://cdn.sofifa.com/flags/de.png,https://cdn.sofifa.com/teams/34/light_30.png
256,199914, Allan,https://cdn.sofifa.com/players/199/914/20_60.png,https://cdn.sofifa.com/flags/br.png,https://cdn.sofifa.com/teams/48/light_30.png
257,228618, F. Mendy,https://cdn.sofifa.com/players/228/618/20_60.png,https://cdn.sofifa.com/flags/fr.png,https://cdn.sofifa.com/teams/243/light_30.png
258,231436, G. Diangana,https://cdn.sofifa.com/players/231/436/20_60.png,https://cdn.sofifa.com/flags/gb-eng.png,https://cdn.sofifa.com/teams/109/light_30.png
259,212194, J. Brandt,https://cdn.sofifa.com/players/212/194/20_60.png,https://cdn.sofifa.com/flags/de.png,https://cdn.sofifa.com/teams/22/light_30.png
260,244915, M. Salisu,https://cdn.sofifa.com/players/244/915/20_60.png,https://cdn.sofifa.com/flags/gh.png,https://cdn.sofifa.com/teams/462/light_30.png
261,242752, N. Ferguson,https://cdn.sofifa.com/players/242/752/20_60.png,https://cdn.sofifa.com/flags/gb-eng.png,https://cdn.sofifa.com/teams/109/light_30.png
262,243392, R. Matondo,https://cdn.sofifa.com/players/243/392/20_60.png,https://cdn.sofifa.com/flags/gb-wls.png,https://cdn.sofifa.com/teams/34/light_30.png
263,251573, Renan Lodi,https://cdn.sofifa.com/players/251/573/20_60.png,https://cdn.sofifa.com/flags/br.png,https://cdn.sofifa.com/teams/240/light_30.png
264,226271, Fabián,https://cdn.sofifa.com/players/226/271/20_60.png,https://cdn.sofifa.com/flags/es.png,https://cdn.sofifa.com/teams/48/light_30.png
265,239945, F. Beltrán,https://cdn.sofifa.com/players/239/945/20_60.png,https://cdn.sofifa.com/flags/mx.png,https://cdn.sofifa.com/teams/1880/light_30.png
266,232363, M. Škriniar,https://cdn.sofifa.com/players/232/363/20_60.png,https://cdn.sofifa.com/flags/sk.png,https://cdn.sofifa.com/teams/44/light_30.png
267,241464, Pau Torres,https://cdn.sofifa.com/players/241/464/20_60.png,https://cdn.sofifa.com/flags/es.png,https://cdn.sofifa.com/teams/483/light_30.png
268,252042, João Pedro,https://cdn.sofifa.com/players/252/042/20_60.png,https://cdn.sofifa.com/flags/br.png,https://cdn.sofifa.com/teams/1795/light_30.png
269,246763, K. Hoever,https://cdn.sofifa.com/players/246/763/20_60.png,https://cdn.sofifa.com/flags/nl.png,https://cdn.sofifa.com/teams/9/light_30.png
270,241496, T. Weah,https://cdn.sofifa.com/players/241/496/20_60.png,https://cdn.sofifa.com/flags/us.png,https://cdn.sofifa.com/teams/65/light_30.png
271,225782, A. Maitland-Niles,https://cdn.sofifa.com/players/225/782/20_60.png,https://cdn.sofifa.com/flags/gb-eng.png,https://cdn.sofifa.com/teams/1/light_30.png
272,239592, J. Macías,https://cdn.sofifa.com/players/239/592/20_60.png,https://cdn.sofifa.com/flags/mx.png,https://cdn.sofifa.com/teams/1880/light_30.png
273,241486, J. Koundé,https://cdn.sofifa.com/players/241/486/20_60.png,https://cdn.sofifa.com/flags/fr.png,https://cdn.sofifa.com/teams/481/light_30.png
274,251852, K. Adeyemi,https://cdn.sofifa.com/players/251/852/20_60.png,https://cdn.sofifa.com/flags/de.png,https://cdn.sofifa.com/teams/191/light_30.png
275,233866, O. Edouard,https://cdn.sofifa.com/players/233/866/20_60.png,https://cdn.sofifa.com/flags/fr.png,https://cdn.sofifa.com/teams/78/light_30.png
276,207807, R. Fraser,https://cdn.sofifa.com/players/207/807/20_60.png,https://cdn.sofifa.com/flags/gb-sct.png,https://cdn.sofifa.com/teams/1943/light_30.png
277,254120, T. Doyle,https://cdn.sofifa.com/players/254/120/20_60.png,https://cdn.sofifa.com/flags/gb-eng.png,https://cdn.sofifa.com/teams/10/light_30.png
278,234317, V. Thill,https://cdn.sofifa.com/players/234/317/20_60.png,https://cdn.sofifa.com/flags/lu.png,https://cdn.sofifa.com/teams/112276/light_30.png
279,252238, A. Velasco,https://cdn.sofifa.com/players/252/238/20_60.png,https://cdn.sofifa.com/flags/ar.png,https://cdn.sofifa.com/teams/110093/light_30.png
280,233731, A. Isak,https://cdn.sofifa.com/players/233/731/20_60.png,https://cdn.sofifa.com/flags/se.png,https://cdn.sofifa.com/teams/457/light_30.png
281,247394, D. Kulusevski,https://cdn.sofifa.com/players/247/394/20_60.png,https://cdn.sofifa.com/flags/se.png,https://cdn.sofifa.com/teams/50/light_30.png
282,220182, J. Denayer,https://cdn.sofifa.com/players/220/182/20_60.png,https://cdn.sofifa.com/flags/be.png,https://cdn.sofifa.com/teams/66/light_30.png
283,245388, J. Todibo,https://cdn.sofifa.com/players/245/388/20_60.png,https://cdn.sofifa.com/flags/fr.png,https://cdn.sofifa.com/teams/34/light_30.png
284,202515, Jesé,https://cdn.sofifa.com/players/202/515/20_60.png,https://cdn.sofifa.com/flags/es.png,https://cdn.sofifa.com/teams/237/light_30.png
285,237221, J. Foyth,https://cdn.sofifa.com/players/237/221/20_60.png,https://cdn.sofifa.com/flags/ar.png,https://cdn.sofifa.com/teams/18/light_30.png
286,233927, Lucas Paquetá,https://cdn.sofifa.com/players/233/927/20_60.png,https://cdn.sofifa.com/flags/br.png,https://cdn.sofifa.com/teams/47/light_30.png
287,212190, N. Süle,https://cdn.sofifa.com/players/212/190/20_60.png,https://cdn.sofifa.com/flags/de.png,https://cdn.sofifa.com/teams/21/light_30.png
288,225850, P. Kimpembe,https://cdn.sofifa.com/players/225/850/20_60.png,https://cdn.sofifa.com/flags/fr.png,https://cdn.sofifa.com/teams/73/light_30.png
289,202652, R. Sterling,https://cdn.sofifa.com/players/202/652/20_60.png,https://cdn.sofifa.com/flags/gb-eng.png,https://cdn.sofifa.com/teams/10/light_30.png
290,182521, T. Kroos,https://cdn.sofifa.com/players/182/521/20_60.png,https://cdn.sofifa.com/flags/de.png,https://cdn.sofifa.com/teams/243/light_30.png
291,231485, A. Tuanzebe,https://cdn.sofifa.com/players/231/485/20_60.png,https://cdn.sofifa.com/flags/gb-eng.png,https://cdn.sofifa.com/teams/11/light_30.png
292,167664, G. Higuaín,https://cdn.sofifa.com/players/167/664/20_60.png,https://cdn.sofifa.com/flags/ar.png,https://cdn.sofifa.com/teams/45/light_30.png
293,234612, J. Ikoné,https://cdn.sofifa.com/players/234/612/20_60.png,https://cdn.sofifa.com/flags/fr.png,https://cdn.sofifa.com/teams/65/light_30.png
294,177003, L. Modrić,https://cdn.sofifa.com/players/177/003/20_60.png,https://cdn.sofifa.com/flags/hr.png,https://cdn.sofifa.com/teams/243/light_30.png
295,167495, M. Neuer,https://cdn.sofifa.com/players/167/495/20_60.png,https://cdn.sofifa.com/flags/de.png,https://cdn.sofifa.com/teams/21/light_30.png
296,204838, R. Jiménez,https://cdn.sofifa.com/players/204/838/20_60.png,https://cdn.sofifa.com/flags/mx.png,https://cdn.sofifa.com/teams/110/light_30.png
297,245902, T. Parrott,https://cdn.sofifa.com/players/245/902/20_60.png,https://cdn.sofifa.com/flags/ie.png,https://cdn.sofifa.com/teams/18/light_30.png
298,246469, A. Urzi,https://cdn.sofifa.com/players/246/469/20_60.png,https://cdn.sofifa.com/flags/ar.png,https://cdn.sofifa.com/teams/110404/light_30.png
299,239015, E. Dennis,https://cdn.sofifa.com/players/239/015/20_60.png,https://cdn.sofifa.com/flags/ng.png,https://cdn.sofifa.com/teams/231/light_30.png
